﻿author,title,genre,price,publish_date,description,id
"Gambardella, Matthew","XML Developer's Guide","Computer","44.95","2000-10-01","An in-depth look at creating applications \n      with XML.","bk101"
"Ralls, Kim","Midnight Rain","Fantasy","5.95","2000-12-16","A former architect battles corporate zombies, \n      an evil sorceress, and her own childhood to become queen \n      of the world.","bk102"
"Corets, Eva","Maeve Ascendant","Fantasy","5.95","2000-11-17","After the collapse of a nanotechnology \n      society in England, the young survivors lay the \n      foundation for a new society.","bk103"
"Corets, Eva","Oberon's Legacy","Fantasy","5.95","2001-03-10","In post-apocalypse England, the mysterious \n      agent known only as Oberon helps to create a new life \n      for the inhabitants of London. Sequel to Maeve \n      Ascendant.","bk104"
"Corets, Eva","The Sundered Grail","Fantasy","5.95","2001-09-10","The two daughters of Maeve, half-sisters, \n      battle one another for control of England. Sequel to \n      Oberon's Legacy.","bk105"
"Randall, Cynthia","Lover Birds","Romance","4.95","2000-09-02","When Carla meets Paul at an ornithology \n      conference, tempers fly as feathers get ruffled.","bk106"
"Thurman, Paula","Splish Splash","Romance","4.95","2000-11-02","A deep sea diver finds true love twenty \n      thousand leagues beneath the sea.","bk107"
"Knorr, Stefan","Creepy Crawlies","Horror","4.95","2000-12-06","An anthology of horror stories about roaches,\n      centipedes, scorpions  and other insects.","bk108"
"Kress, Peter","Paradox Lost","Science Fiction","6.95","2000-11-02","After an inadvertant trip through a Heisenberg\n      Uncertainty Device, James Salway discovers the problems \n      of being quantum.","bk109"
"O'Brien, Tim","Microsoft .NET: The Programming Bible","Computer","36.95","2000-12-09","Microsoft's .NET initiative is explored in \n      detail in this deep programmer's reference.","bk110"
"O'Brien, Tim","MSXML3: A Comprehensive Guide","Computer","36.95","2000-12-01","The Microsoft MSXML3 parser is covered in \n      detail, with attention to XML DOM interfaces, XSLT processing, \n      SAX and more.","bk111"
"Galos, Mike","Visual Studio 7: A Comprehensive Guide","Computer","49.95","2001-04-16","Microsoft Visual Studio 7 is explored in depth,\n      looking at how Visual Basic, Visual C++, C#, and ASP+ are \n      integrated into a comprehensive development \n      environment.","bk112"
